season,opponent,result,pace,ppp,oppp,efg,oefg,to,oto,or,oor,ft,oft,LABEL
2010,Clemson,L,78,0.82,1.06,46.7,53.3,34.6,17.9,37.8,22.6,16.4,32.8,
2010,FIU,W,84,1.05,0.86,59,42.6,31.1,23.9,42.9,28.9,31.1,25,
2010,NC Central,W,72,1.23,0.58,63.6,29.1,26.3,27.7,53.6,26.2,32.2,32.7,
2010,Virginia Tech,L,73,0.96,1.01,47.2,41.8,26,13.7,37.7,34.9,56.6,32.8,
2010,Ohio State,W,73,1.05,1,55.7,47.5,26,21.9,30.6,39.7,47.2,36.1,
2010,Virginia Tech,W,70,1.11,0.91,58.6,38.8,25.6,17.1,36.8,38.2,42.3,26.9,
2010,Duke,L,64,0.78,1.28,34.4,52.6,25,14.1,32.8,46,54.2,40.4,
2010,Georgia Tech,L,76,0.67,0.89,34.8,50,24.9,26.2,27.3,30.8,40.7,42.9,
2010,UVA,L,68,0.88,1.1,43.8,58.6,24.8,24.8,42.3,28.9,39.3,34.6,
2010,Georgia Tech,L,70,1.01,1.04,44,47.7,24.3,18.6,43.8,38.3,41.4,23.1,
2010,Syracuse,L,75,0.95,1.16,41.3,61,24.1,20.1,43.5,35.6,41.3,14.7,
2010,UAB,W,63,0.96,0.88,44.3,34.6,23.9,19.1,37.7,35.4,37.7,50,
2010,Miami,W,71,0.97,0.87,45.6,40.9,23.8,11.2,42.4,17.8,40.4,18.2,
2010,Dayton,L,69,0.98,1.14,50.9,56.6,21.7,15.9,27.2,34.3,25.4,26.2,
2010,Kentucky,L,74,0.89,0.92,44,50,21.7,27.1,34.9,33.3,19.4,40.7,
2010,Michigan State,W,78,1.14,1.05,62.3,44.3,21.7,14,34.9,38.9,52.6,20.2,
2010,Albany,W,84,1.04,0.84,53,47.7,21.5,31,34.2,30.4,40.9,20.3,
2010,Rutgers,W,74,1.09,0.9,48.3,45,21.5,17.5,44.7,31.7,59.3,12.9,
2010,Rhode Island ,W,71,0.86,0.84,36.1,40.4,21.4,21.4,47.3,32,19.3,26.5,
2010,Marshall,W,83,1.18,0.73,52.8,38.5,20.5,21.7,49.4,29.5,40.9,5.1,
2010,Florida State,L,69,0.98,1.12,48,57,20.4,21.8,27.5,33.9,56,31.6,
2010,Gardner Webb,W,82,1.14,0.88,56.8,48.5,19.6,27,46,26.7,50,10.1,
2010,Valparaiso,W,72,1.23,1.07,61.4,52.2,19.5,12.5,48.2,23,50.9,14.9,
2010,Duke,L,64,0.85,1,38.8,38.4,18.8,12.5,31.3,43.7,27.6,26.1,
2010,Wake Forest,W,76,1.02,0.9,44.6,35.8,18.5,14.6,40,38.5,50.8,32.4,
2010,Maryland,L,77,0.92,1.2,41.3,60.3,18.2,16.9,34.9,30.6,30.4,17.6,
2010,Texas,L,88,1.02,1.17,52.7,45.4,18.1,14.7,26.4,48.7,25.3,39.1,
2010,Boston College,L,67,1,1.06,39.8,44.8,16.4,11.9,50,40,37.5,19.4,
2010,College of Charleston ,L,71,0.99,1.03,38.7,52,16.4,12.6,43.5,21.7,47.9,7.9,
2010,Mississippi State,W,68,1.12,1.1,52.3,50.9,16.3,11.8,37.3,23.9,15.2,36.2,
2010,William & Mary,W,72,1.12,1.01,54.4,54.8,15.4,23.7,28.6,24.2,45.6,6.5,
2010,Georgia Tech,L,65,0.89,0.96,34.8,47.3,15.4,21.6,46.1,33.3,20.3,28.6,
2010,NC State,W,66,1.11,0.92,45.8,45.5,15.1,18.1,43.8,26.4,48.3,30.4,
2010,NC State,W,67,1.14,0.94,56.1,44.9,14.8,14.8,29,21.1,38.6,18.6,
2010,Wake Forest,L,69,1,1.19,40.9,57.5,13.1,17.4,37,38.2,21.1,30,
2010,Presbyterian,W,76,1.35,0.84,58.8,48.4,11.8,22.2,44.4,15.8,29.7,11.5,
2010,Nevada,W,69,1.16,1.06,50,44.7,11.6,8.7,40.7,36.1,35.3,8,
2011,Miami,W,64,0.95,0.92,54,44.2,31.1,21.8,39,32.1,20,15,
2011,Vanderbilt,L,73,0.9,0.99,43.5,54.3,30.3,28.9,37.3,33.3,50,57.5,
2011,Asheville,W,77,1.04,0.9,49.1,41.1,26.1,13,45.6,23.6,53.5,17.8,
2011,Illinois,L,73,0.91,1.08,50.9,57.1,24.5,19.1,26.8,26.9,29.3,14.3,
2011,Virginia Tech,W,71,0.91,0.86,45.2,50,24.1,25.5,41.1,19.1,27,28.3,
2011,Georgia Tech,L,75,0.77,1.04,29.3,54.6,24,17.3,32.1,30.3,55.2,18.5,
2011,Duke,L,69,0.84,1.08,35.5,57.8,23.1,17.3,39.3,25.4,33.9,25.9,
2011,Boston College,W,58,0.83,0.8,38.6,33.6,22.5,17.3,45.8,27.6,14,26.9,
2011,Florida State,W,67,1.07,1.04,52.7,52.5,22.3,14.8,36.7,24.3,32.7,21.7,
2011,Rutgers,W,76,1.03,0.73,55.6,38.1,21.2,21.2,31.9,15.8,29,27.1,
2011,Minnesota,L,76,0.88,0.94,40,48.2,21,23.6,31.2,35.1,38.5,56.4,
2011,College of Charleston,W,71,1.05,0.98,48.3,44.4,19.9,19.9,42.5,43.3,45,16.9,
2011,Clemson,W,68,1.2,1.14,54.8,59.1,19.6,22.2,43.7,39,54.8,24.2,
2011,NC State,W,77,1.08,0.83,50,38.6,19.4,19.4,41.9,26.4,34.3,28.8,
2011,LIU,W,94,1.08,0.92,53,41.2,19.1,14.9,34.7,26.1,62.7,29.4,
2011,Clemson,W,74,1.01,0.88,50,42.2,18.8,21.5,30.6,33.3,43.1,14.1,
2011,Kentucky,L,70,0.99,1.09,46,58.9,18.7,20.1,31.5,26.9,24.2,28.6,
2011,Lipscomb,W,77,1.04,0.86,50.8,42.1,18.1,22,34.2,27.4,46,33.3,
2011,Miami,W,62,1.2,1.15,53.5,57,17.8,21,44.4,38.5,24.1,17.5,
2011,Duke,L,76,0.96,1.04,44.1,47.1,17.1,15.8,37,32.6,32.4,33.8,
2011,Florida State,W,73,1.23,0.95,62.3,50,16.6,19.3,33.3,27.4,34.4,30,
2011,Evansville,W,73,1.04,0.67,46.3,34.2,16.3,30,31.9,27.1,66.7,15,
2011,NC State,W,68,1.11,0.93,46.2,45.4,16.2,14.7,45.5,28.9,27.3,15.4,
2011,Texas,L,75,1.02,1.05,46.2,47.8,16.1,16.1,32.9,38.3,30.3,27.9,
2011,Hofstra,W,75,1.43,0.84,64.8,45.2,16.1,21.4,53.2,27.2,36.6,22.2,
2011,William & Mary,W,76,1.12,0.79,48.6,41.9,15.8,27.7,41.9,32.6,28.8,19.4,
2011,Kentucky,W,76,0.98,0.96,42.2,46,15.7,14.4,25,20.2,63.8,33.9,
2011,Duke,W,71,1.14,0.94,55.6,40.3,14.1,12.7,31.9,27.1,33.3,35.5,
2011,Long Beach State,W,79,1.21,1.15,64.8,57.5,13.9,15.2,22.4,28.6,34.4,17.8,
2011,Maryland,W,80,1.08,0.94,43.8,42.5,13.7,16.1,41.8,33.7,27.5,24.7,
2011,St. Francis PA,W,76,1.36,0.71,65.2,33.6,13.2,22.4,41.5,29.9,40.9,16.4,
2011,Clemson,W,70,0.92,0.89,39.6,41.8,12.9,22.9,19.8,34.1,60.4,27.9,
2011,UVA,W,63,0.98,0.89,39.8,47.1,12.7,17.4,28.9,15.2,50,23.5,
2011,Washington,W,73,1.18,1.14,51.5,52.8,12.3,17.8,35,37.8,34.9,9.7,
2011,Boston College,W,76,1.4,0.97,65.4,44.9,11.8,21.1,32.3,37.9,29.4,30.9,
2011,Wake Forest,W,70,1.12,0.92,40.1,44.3,11.5,18.6,46.1,26.6,39.4,16.4,
2011,Marquette,W,71,1.14,0.88,45.3,38.1,9.8,25.3,46.7,40,28.4,31.8,
2012,Ohio,W,71,0.91,0.82,45.4,40.9,30.1,16.3,48.9,14.6,36.9,11.3,
2012,Florida State,L,76,0.75,1.18,40.7,58.1,29,22.4,33.3,41.7,33.9,38.7,
2012,Wisconsin,W,61,0.98,0.94,45.6,42.2,23.1,6.6,33.9,24.4,53.3,9.4,
2012,Asheville,W,77,1.18,0.97,61.1,46,22,12.9,32.7,21,64.8,38.1,
2012,NC State,W,71,1.03,0.77,52.3,44.7,21.1,23.9,42.9,15.4,20.3,15.8,
2012,NC State,W,74,0.93,0.91,49.1,47.4,20.3,21.6,19.4,22.2,40.7,31,
2012,Virginia Tech,W,69,1.18,0.97,48.5,46.3,20.2,11.5,52.8,25.6,31.8,8.8,
2012,Michigan State,W,70,0.96,0.79,51,31.9,20.1,21.6,22.1,45.9,45.1,18.1,
2012,Kentucky,L,65,1.1,1.11,50.8,47.6,19.9,13.8,38.7,41.1,23.3,28.6,
2012,Texas,W,69,1.18,0.91,46.8,41.3,18.8,18.8,56.4,38.6,49.2,13,
2012,Maryland,W,76,1.1,0.97,47.1,44.3,18.5,17.2,42.2,32.5,37.1,44.3,
2012,Clemson,W,67,1.1,0.78,54,43.8,18,22.5,34.4,15.2,12.7,33.3,
2012,Long Beach State,W,78,1.08,1,55.9,52.1,18,19.3,24.2,32,14.7,11.4,
2012,UVA,W,61,0.88,0.83,35.3,40,17.9,6.5,33.3,12.2,45.1,10,
2012,Duke,W,70,1.26,0.99,57.6,46,17.1,8.6,43.8,24.4,22.7,33.3,
2012,Mississippi Valley St.,W,88,1.15,0.86,48.9,43.4,17.1,23.9,54.1,30.1,35.6,14.5,
2012,Miami,W,72,1.01,0.78,46.4,44.5,16.7,23.7,40,14.7,20.3,18.2,
2012,Evansville,W,79,1.22,0.61,53.8,30.3,16.4,22.8,50.6,18.2,65.2,16.7,
2012,Monmouth,W,80,1.27,0.81,60.3,45.5,16.2,15,40.5,9.1,48.5,11.9,
2012,Vermont,W,72,1.07,0.81,45.4,42.1,15.4,27.9,36.6,42.1,36.9,12.7,
2012,Nicholls State,W,86,1.15,0.57,45.9,32.9,15.1,26.8,55.8,19.8,48.2,8.6,
2012,Tennessee State,W,74,1.36,0.93,70.5,47.2,14.8,16.1,36.7,23.8,24.2,7,
2012,Boston College,W,75,1.11,0.8,50.8,50,14.7,26.8,33.3,18.9,31.8,15.8,
2012,Elon,W,84,1.19,0.74,50,37.8,14.3,16.7,48.5,19.8,30.1,6.4,
2012,Kansas,L,72,0.93,1.12,45.3,49.2,14,11.2,21.1,28.9,18.8,38.1,
2012,Maryland,W,73,1.16,0.94,56.6,45.2,13.7,17.8,32.4,26.8,42.6,33.9,
2012,NC State,W,67,1.29,1.11,59.6,43.6,13.5,6,33.3,38.3,42.1,32.9,
2012,Georgia Tech,W,75,1.24,1.09,62.3,52.2,13.4,20.1,34.5,32.4,41,16.2,
2012,South Carolina,W,75,1.16,0.83,52.2,50,13.4,33.5,32.2,39.1,44.8,21.8,
2012,Miami,W,63,1.15,1.01,41.9,45.3,12.6,22.1,52.2,45,33.8,12.5,
2012,Duke,L,72,1.16,1.18,50,54.8,12.5,13.9,39.5,30.8,47.6,41.9,
2012,UNLV,L,80,1,1.12,45.5,52.8,12.5,16.2,22.7,32.6,50,25.4,
2012,Creighton,W,73,1.19,1,56.9,47.1,12.3,12.3,29.7,21.4,29.2,17.6,
2012,UVA,W,66,1.06,0.79,36,39.1,12.2,18.3,48.9,21.6,39.7,23.6,
2012,Florida State,L,70,1.16,1.21,43,68.8,10,21.3,44.2,23.1,33.8,19.6,
2012,Appalachian State,W,74,1.3,1.11,56.1,49.3,9.4,13.5,41.5,33.8,50,25,
2012,Maryland,W,76,1.15,0.84,43,40.5,9.2,22.3,38.6,35.9,46.5,33.3,
2012,Wake Forest,W,67,1.01,0.78,33.8,31.5,8.9,16.3,42.3,23.3,36.6,48.1,
2013,Gardner Webb,W,75,1.01,0.78,47.2,45.5,23.9,29.2,48.9,25.7,26.8,25.4,
2013,Villanova,W,72,1.09,0.99,60.2,47.5,23.6,22.2,21.4,40.5,55.1,31.1,
2013,UAB,W,88,1.16,0.96,60,50,22.8,20.6,36.4,28.6,30,14.5,
2013,Florida State,W,62,1.24,1.16,55,59,22.5,16,59.4,21.4,26.7,34,
2013,Florida Atlantic,W,76,1.05,0.74,47.9,35.2,22.4,22.4,51.1,28.9,38,34.4,
2013,Texas,L,81,0.83,1.05,33.6,44.6,22.3,16.1,41.7,40,47.8,35.1,
2013,Butler,L,72,0.98,1.13,48.4,58.5,20.8,24.9,27,38.7,19.1,47.2,
2013,UVA,L,63,0.82,0.96,42.2,53.1,18.9,17.4,22.9,15.6,33.3,36.7,
2013,Duke,L,70,0.97,1.04,41.7,50,18.5,24.2,42.5,40,34.9,35.7,
2013,McNeese State,W,76,1.27,0.83,56.1,37.7,18.4,13.1,51.2,31.4,29.7,26,
2013,Duke,L,61,0.87,1.13,34.7,60.2,18.1,24.6,43.9,40.9,21,24.5,
2013,East Tenn. St.,W,78,1,0.71,50,39.5,17.9,28.2,30.2,25.6,9.6,19.4,
2013,Wake Forest,W,78,1.11,0.79,58.9,45.5,17.8,26.8,25,17.1,40.3,30.9,
2013,Long Beach State,W,73,1.06,0.86,46.7,39.9,17.7,19.1,46,27.3,14.7,17.4,
2013,Miami,L,63,0.94,1.08,45,55.7,17.5,19.1,31.6,27.6,13.3,24.5,
2013,NC State,L,80,1.03,1.13,52.1,54.6,17.4,19.9,23.1,34.3,14.1,35.4,
2013,Georgia Tech,W,81,0.98,0.78,47.1,38.7,17.4,23.6,28.3,34.7,31.4,8,
2013,Maryland,W,70,1.13,0.98,54.5,45.2,17.2,20.1,32.3,36.1,43.6,23.8,
2013,Virginia Tech,W,62,1.02,0.85,41.4,41.9,17.1,19.9,44.2,26.3,42.2,16.1,
2013,Maryland,W,71,0.88,0.74,39.2,40.6,17,29.8,32.6,29.4,27.7,26.4,
2013,UNLV,W,72,1.1,1.02,53.6,52.5,16.7,23.7,31.4,38.9,60,35.6,
2013,Florida State,W,67,1.18,0.87,63.4,40.3,16.5,22.5,26.9,33.3,17.9,12.9,
2013,Miami,L,67,0.91,1.29,43.1,67.5,16.4,19.3,27.5,33.3,9.2,21.1,
2013,Indiana,L,74,0.8,1.12,38.4,50,16.2,13.5,29.2,34.9,20.3,16.2,
2013,Mississippi State,W,75,1.26,0.65,57,30,16,27.9,39.5,36.2,11.5,31.7,
2013,Kansas,L,72,0.8,0.97,34.2,48.2,15.2,30.4,31.4,42.9,13.7,38.2,
2013,East Carolina,W,80,1.16,1.09,55.2,49.2,15,12.5,27.8,25,35.8,40.3,
2013,Clemson,W,64,1.07,0.93,54.5,43.1,14.1,23.6,24.2,38.9,27.3,19,
2013,NC State,W,71,1.07,0.92,50.8,48.4,14.1,24,25.6,36.8,25,21.3,
2013,Miami,L,64,1.2,1.35,55.8,61,14,12.4,29.4,40,18.3,33.9,
2013,Boston College,W,67,1.22,1.04,54,50.9,13.4,14.9,40.6,22.6,32.3,30.4,
2013,Georgia Tech,W,71,0.98,0.82,42.4,46.5,12.7,26.7,26.2,30.8,25.8,19,
2013,Chaminade,W,74,1.52,0.95,71.7,48.5,12.2,25.7,45.2,35.7,30.4,15.4,
2013,Florida State,W,66,1.26,0.94,57.1,48,10.6,27.2,36.4,30,19.1,35.3,
2013,UVA,W,69,1.34,1.17,60.2,69.8,10.1,20.2,34.4,12,50.9,20.8,
2013,Maryland,W,71,1.12,1.07,50,47.5,9.9,14.1,25,32.5,42.6,42.6,
2014,Oakland,W,72,1.17,0.85,64.5,43.6,25,19.4,38.5,16.2,36.4,32.7,
2014,Syracuse,L,60,0.75,0.96,41.2,38.3,23.4,16.8,29.4,40.5,17.6,25,
2014,UNC-Wilmington,W,69,1.22,0.74,54.6,33.6,23.1,24.6,57.6,37.2,26.1,21.3,
2014,Wake Forest,L,74,0.91,0.99,40,50,23,17.6,48,21.6,14.7,61.1,
2014,Clemson,W,61,1.31,1,62.5,39.6,19.7,16.4,48.3,41,33.9,47.2,
2014,NKU,W,72,1.05,0.84,52.9,37.1,19.5,11.2,26.7,22.7,60.8,24.2,
2014,Richmond,W,72,1.14,1,51.9,52,19.4,23.6,36.1,25.8,68.5,59.2,
2014,Maryland,W,73,1.03,0.87,54.9,44.6,19.3,22.1,31.4,21.6,72.5,35.7,
2014,UNC-G,W,68,1.2,0.74,49.2,43.9,19.2,31,54.8,28.1,39.4,26.5,
2014,Duke,L,68,1.19,1.36,64.4,57.9,19,19,25,53.3,36.5,54.4,
2014,Duke,W,69,1.08,0.96,49.1,46.8,18.9,17.5,44.1,28.2,56.4,19.1,
2014,Pittsburgh,W,71,1.06,1,49.2,43.8,18.3,19.8,41,41.5,41,35.9,
2014,Louisville,W,78,1.19,1.08,56.8,47,18,18,38.7,36.4,64.4,37.3,
2014,Belmont,L,73,1.1,1.14,50,59.4,17.9,22,48.8,23.3,82.8,41.5,
2014,UVA,L,62,0.98,1.22,44.4,55.6,17.7,12.8,41.5,38.9,19.1,53.7,
2014,Michigan State,W,74,1.07,0.88,46.1,41.4,17.5,18.9,39,28.3,41.5,28.1,
2014,Boston College,W,70,1.17,1.01,56.4,55.2,17.1,25.6,29,33.3,54.5,54.2,
2014,Davidson ,W,78,1.1,0.97,50.8,52.2,17.1,25,35.3,30.2,75.8,35.3,
2014,NC State,W,77,1.09,0.91,42.8,42.4,16.9,15.6,47.8,28.6,47.8,39.4,
2014,Miami,L,66,0.87,0.96,34.6,47,16.7,19.7,40.8,29,30.8,52,
2014,NC State,W,65,1.17,1.16,50.8,52.4,16.5,13.8,46.3,37.5,47,50,
2014,Notre Dame,W,67,1.09,0.93,46.7,50.9,16.4,25.4,40.5,31.2,34.4,18.2,
2014,Pittsburgh,L,76,0.99,1.06,44.3,56.7,15.8,19.8,26.2,33.3,52.5,78.8,
2014,Notre Dame,W,64,0.98,0.95,49.1,53.9,15.6,20.3,31.4,20,40.7,23.1,
2014,Iowa State,L,78,1.06,1.09,52.9,53,15.4,17.9,31.6,29.7,21.4,31.8,
2014,Providence,W,65,1.22,1.19,49.3,56.6,13.9,15.5,55.3,32.1,18.3,39.6,
2014,Wake Forest,W,73,1.45,0.99,66.4,54.5,13.8,19.3,41.4,23.3,47.5,40,
2014,UAB,L,66,0.89,0.95,43.6,33.1,13.6,18.1,26.2,44.7,17.5,45.2,
2014,Florida State,W,69,1.18,1.09,53.9,47.4,13.1,11.6,38.9,26.3,31.2,48.3,
2014,Holy Cross,W,70,0.88,0.77,40.8,34.3,12.8,22.7,21.1,20.5,30,51,
2014,Kentucky,W,74,1.1,1.04,50,44.4,12.1,22.9,30.8,46,80.4,79.6,
2014,Virginia Tech,W,60,1,0.94,46.4,43.3,11.7,20.1,28.9,24.1,32.7,46.7,
2014,Texas,L,80,1.04,1.08,45.4,45.8,10,15,32.6,42.5,72.3,45.8,
2014,Georgia Tech,W,69,1.13,0.94,48.4,45.5,8.7,14.5,32.5,15.8,36.5,47.3,
2015,Kentucky,L,67,1.05,1.26,50,63.5,28.5,22.5,58.1,45.8,20,64.6,
2015,Harvard,W,60,1.12,1.09,60.2,42.7,28.4,11.7,46.1,34.3,26.5,36.4,
2015,Florida,W,69,1.08,0.92,51,37.7,27.4,23.1,44.1,43.2,60.8,37.7,
2015,UVA,W,67,1.07,1.01,63.1,49,27,19.5,28,21.9,64.3,38.5,
2015,Louisville,L,67,0.9,1.04,47.5,39.2,25.3,14.6,35.1,41.5,33.3,67.7,
2015,Syracuse,W,80,1.17,1.04,63.4,47.8,25.1,13.8,39.3,24.4,53.6,33.8,
2015,Virginia Tech,W,68,1,0.78,48.3,45.3,24.9,20.5,47.1,10.8,28.8,20.8,
2015,Butler,L,76,0.86,0.97,42.1,36.8,24.8,24.8,33.3,52.7,56.1,40.3,
2015,UNC-G,W,70,1.13,0.8,51.6,40.2,24.2,18.5,55.6,24.4,37.7,46.4,
2015,UAB,W,77,1.16,0.76,55.8,33,23.5,23.5,45.5,34.1,51.7,47.5,
2015,Duke,L,68,1.13,1.23,55.2,53.4,23.4,14.7,37.9,40,22.4,44.1,
2015,Miami,W,71,1.04,0.91,50,48.2,21.3,18.4,33.3,16.2,36.8,26.8,
2015,Boston College,W,67,1.17,1.01,57.8,49.1,20.8,16.3,42.9,21.9,52.9,33.9,
2015,Arkansas,W,78,1.12,1,48.3,43.1,20.6,27,47.2,44.4,61.7,41.5,
2015,UVA,L,64,0.99,1.17,48.2,56.2,20.2,12.4,36.7,25.8,23.2,32.1,
2015,NC State,L,60,0.76,0.96,37.3,41.2,19.9,14.9,28.2,32.5,16.4,28.1,
2015,Ohio State,W,77,1.06,0.96,46.9,41.7,19.4,13,40.9,28.6,50.8,25,
2015,NC Central,W,73,1.04,0.82,45.9,36.6,19.2,19.2,45.7,25,49.2,51.8,
2015,Notre Dame,L,69,1.19,1.31,58.3,64.6,18.9,18.9,41.9,34.8,10.6,66.7,
2015,NC State,W,69,1.18,1.15,60.2,47.7,18.9,14.6,32.1,42.9,42.6,33.3,
2015,Louisville,W,67,1.08,1.06,47,52.5,18,16.5,44.7,28.1,16.4,18.6,
2015,Louisville,W,70,1,0.86,46.6,38.1,17.2,18.6,30.3,34.9,28.8,31.8,
2015,William & Mary,W,71,1.21,0.9,57.4,44.3,16.9,18.3,36.4,17.9,37.7,45.3,
2015,Wake Forest,W,73,1.19,0.97,62.9,45.8,16.4,19.1,25,30.9,37.9,43.3,
2015,Iowa,L,62,0.89,0.97,30.9,35.5,16.2,19.4,49,43.6,25,43.6,
2015,Georgia Tech,W,69,1.17,0.71,57.8,33.6,15.9,26,33.3,36.4,17.2,32.8,
2015,UCLA,W,74,1.06,0.76,47.8,39.8,14.9,31.1,30.9,29,28.4,75,
2015,Duke,L,74,1.08,1.1,47,58.5,13.2,19.1,36.5,30.2,24.1,47.7,
2015,Davidson,W,73,1.23,0.98,52.2,41.2,12.3,13.7,41.9,34,40.6,17.6,
2015,Boston College,W,67,1.21,0.94,53.1,43.4,11.9,10.4,38.2,11.8,24.6,41.5,
2015,Georgia Tech,W,68,1.32,0.89,66.4,43.3,11.8,16.3,28,26.8,18,28.3,
2015,Notre Dame,L,62,1.13,1.15,40,56,11.3,12.9,51.2,21.4,38.5,38,
2015,Robert Morris,W,74,1.39,0.79,53.5,41,10.8,24.2,52.6,30.9,50.7,22.9,
2015,East Carolina,W,77,1.41,0.83,60.7,36.2,10.4,13,48.4,26.5,29.3,27.5,
2015,Clemson,W,61,1.21,0.82,48.4,34,9.8,13.1,44.4,23.3,27,39.6,
2015,Florida State,W,67,1.16,1.1,50,50.8,7.4,14.9,33.3,31.4,46.7,27.9,
2015,Wisconsin,L,60,1.21,1.32,53.6,52.7,6.7,8.4,28.1,38.7,32.1,41.1,
2015,Pittsburgh,L,62,1.23,1.43,52.5,71.9,6.5,8.1,36.4,24,39,22.8,
2016,Louisville,L,71,0.92,1,37.1,47.5,22.6,21.2,38.1,39.5,50,35,
2016,Providence,W,70,1.21,0.94,55.9,45.6,21.3,15.6,46.4,23.7,35.6,40.4,
2016,UVA,L,66,1.13,1.21,56.8,50,19.8,12.2,39.4,36.1,22,34.4,
2016,Boston College,W,66,1.03,0.99,56.7,49.1,19.7,21.2,22.2,24.2,23.1,27.8,
2016,Duke,W,72,1.06,1.01,38.4,47,19.6,8.4,56.2,17.8,31.5,22.4,
2016,Notre Dame,L,67,1.14,1.2,50.9,37.1,19.6,3,42.9,43.5,35.6,57.6,
2016,Maryland,W,78,1.14,1.04,60.5,61,19.2,28.2,33.3,27.6,40.3,18.6,
2016,Syracuse,W,70,1.06,0.99,45.6,45.5,18.4,21.3,46.3,36.4,27.9,41.1,
2016,Davidson,W,82,1.2,0.8,56,40.3,18.4,17.1,38.5,15.9,22.7,19.4,
2016,Syracuse,W,66,1.25,1,56.9,47,18.1,15.1,51.6,37.2,16.9,19.7,
2016,Florida State,W,88,1.2,1.02,54,48.5,18.1,15.9,45,25.6,42.1,50,
2016,Northern Iowa,L,67,1.01,1.07,49.1,51.8,18,9,27.3,16.2,22.4,33.3,
2016,Clemson,W,68,1.19,1.02,53.9,46.2,17.8,19.3,45.5,32.4,21.9,49.1,
2016,Villanova,L,64,1.15,1.2,51.6,66.7,17.1,15.6,43.2,9.1,20.6,35.4,
2016,UVA,W,58,1.05,0.98,54.3,42.9,17.1,17.1,20,41,27.7,4.8,
2016,Wofford,W,71,1.1,0.82,52.4,48.2,17,21.2,35.5,13.9,30.6,8.8,
2016,Kansas State,W,72,1.11,0.97,51.6,46.8,16.6,16.6,37.5,24.4,32.3,30.6,
2016,Pittsburgh,W,72,1.18,0.89,66.7,44,15.2,26.3,4.3,40.4,27.8,19.4,
2016,Pittsburgh,W,67,1.32,1.06,64.3,49.1,15,18,36.4,33.3,32.1,46.3,
2016,Appalachian State,W,74,1.27,0.95,49.3,50.8,14.9,25.7,53.9,33.3,37.5,21.3,
2016,Georgia Tech,W,74,1.16,1.05,52.5,47.7,14.8,12.1,30,21.1,49.1,29.7,
2016,Notre Dame,W,69,1.14,0.69,47.8,35,14.6,24.8,44.2,18.9,27.5,34,
2016,Boston College,W,76,1.18,0.82,58.2,53.9,14.6,30.4,33.3,12.9,32.8,15.4,
2016,Duke,L,69,1.06,1.08,43.6,46.9,14.5,10.2,43.9,28.2,21.4,24.6,
2016,NC State,W,62,1.08,0.89,41.7,43.6,14.5,29.1,51.2,50,28.8,18.2,
2016,UNC-G,W,69,1.4,0.92,60,51.8,14.5,21.8,55.2,25,33.9,19.3,
2016,Northwestern,W,67,1.19,1.03,50.8,51,13.4,17.9,40.6,18.8,30.6,36.5,
2016,Miami,W,68,1.41,1.04,60.4,47.5,13.2,16.1,55.9,34.1,18.1,44.1,
2016,Syracuse,W,69,1.23,1.06,54.9,50,13.1,18.9,32.3,37.8,32.8,19.1,
2016,Fairfield,W,77,1.2,0.85,56.1,43.1,13,24.8,36.8,32.6,48.5,23.1,
2016,Temple,W,70,1.29,0.95,56,46,12.8,11.3,39.5,20.9,34.3,27.4,
2016,Indiana,W,71,1.42,1.21,60.5,51.6,12.7,16.9,46.9,40.5,53.2,42.6,
2016,Wake Forest,W,80,1.03,0.85,40.4,41.8,12.4,23.6,36.7,34.8,46.6,29.9,
2016,NC State,W,66,1.21,1.03,50,41.5,12.1,15.1,47.2,39.5,22.1,26.1,
2016,UCLA,W,73,1.22,1.04,55.1,52.4,11,23.4,36.1,41,27.5,28.6,
2016,Notre Dame,W,57,1.54,1.3,65.4,64.3,10.5,12.3,56.5,20.8,46.1,28.6,
2016,Florida Gulf-Coast,W,70,1.19,0.96,47.3,44.8,10,20.1,39.1,39.5,26,41.4,
2016,Tulane,W,71,1.36,1.02,56.9,50.8,9.9,15.5,43.6,29.7,29.2,22.2,
2016,Virginia Tech,W,73,1.03,0.96,39.9,48,9.6,19.2,42.5,17.6,33.8,64,
2016,Texas,L,65,1.26,1.29,58,56.5,9.2,12.3,16.7,41,56,37.1,
2017,UVA,L,55,0.79,0.97,39.6,40.7,25.7,7.3,31.2,31.7,14.6,13.6,
2017,Georgia Tech,L,78,0.81,0.96,36.8,44.3,25.6,20.5,39.6,24.2,19.4,62.3,
2017,Arkansas,W,74,0.97,0.87,42.1,50,22.9,25.6,42.9,22.9,39.7,13.3,
2017,Clemson,W,70,1.13,1.09,51.3,53.7,22.8,15.2,51.1,26.3,15.4,27.9,
2017,Hawai'i,W,72,1.16,0.95,53.7,49.2,22.3,19.5,54.3,20.6,22.4,18.3,
2017,Kentucky,W,73,1.03,1,49.1,46.9,22,12.4,36.1,26.2,44.8,29.2,
2017,Oklahoma State,W,78,1.37,0.96,64.1,40.3,20.6,18,55.2,40.4,45.3,31.9,
2017,Miami,L,70,0.88,1.1,40.8,47.3,20,14.3,28.6,31.4,31.7,53.6,
2017,Monmouth,W,88,1.16,0.85,47.9,39.3,19.4,17.1,46.7,25,63.9,37.1,
2017,Davidson,W,78,1.06,0.95,45.9,47.5,19.2,21.8,35.9,21.6,55.7,35.6,
2017,Chattanooga,W,78,1.24,0.73,53.6,40.5,19.2,33.2,56.4,34.1,45.7,14.3,
2017,Wisconsin,W,67,1.06,0.83,51.8,45.5,17.9,16.4,24.1,11.4,21.1,18.2,
2017,Florida State,W,85,1.13,0.98,48,53,17.6,17.6,45.6,20.4,50.7,38.8,
2017,Miami,W,64,1.22,0.83,59.4,40.6,17.2,23.4,33.3,28.9,34,30.2,
2017,Chaminade,W,76,1.37,0.8,63.3,44.8,17.1,22.4,50,14.6,53.1,24.1,
2017,Tulane,W,76,1.25,0.99,55.8,43.1,17.1,15.8,46.1,33.3,36.2,26.4,
2017,Long Beach State,W,76,1.22,0.88,57.5,40.9,17,18.3,40,27.9,58.3,28.8,
2017,Radford,W,77,1.23,0.65,59.2,35.5,16.8,24.6,41.7,17.8,44.6,16.1,
2017,Indiana,L,72,0.94,1.06,44.3,55.8,16.8,22.3,30.9,25,36.1,51.9,
2017,Louisville,W,73,1.01,0.86,42.7,48.4,16.3,21.8,39,21.1,46.8,21.3,
2017,Notre Dame,W,68,1.22,1.12,54.1,52.7,16.2,13.2,48.6,20.6,45.9,35.7,
2017,Boston College,W,75,1.2,1.09,51.6,55.9,16,20,43.2,27,45.3,10.3,
2017,NC State,W,72,1.36,1.02,60.7,51.9,15.4,23.7,52.9,28.1,10.7,46.1,
2017,UVA,W,61,1.07,0.68,52.6,29.6,14.9,9.9,32.3,12.8,12.1,22.2,
2017,Oregon,W,75,1.03,1.01,42.6,44,14.7,21.3,35.4,31.6,39.7,48.3,
2017,Wake Forest,W,75,1.24,1.16,57.8,51.5,14.7,14.7,38.2,31.7,37.5,43.1,
2017,NC State,W,85,1.26,0.66,57,42.1,14.1,30.6,39.5,23.3,31.6,17.5,
2017,Tennessee,W,71,1.02,1,41.1,54.6,14,22.4,46.8,26.9,32.9,27.8,
2017,Butler,W,73,1.26,1.1,62.3,50,13.7,12.4,35.7,22.2,57.9,33.9,
2017,Duke,L,74,1.12,1.26,44.2,60,13.5,14.8,44.9,19.2,23.1,74,
2017,Pittsburgh,W,60,1.33,1.3,57.8,67.6,13.3,16.6,46.9,27.3,32.8,9.3,
2017,Syracuse,W,68,1.26,1,56.6,52.5,13.3,19.2,50,18.8,22.1,11.9,
2017,Texas Southern,W,76,1.36,0.84,56,42.5,13.2,17.1,48.8,15,34.7,26.7,
2017,Duke,W,72,1.25,1.15,55.2,50.9,12.4,11.1,34.3,25.8,31.3,64.8,
2017,Pittsburgh,W,65,1.31,1.04,52,46.9,12.4,18.6,55.8,27.3,20.6,62.5,
2017,Kentucky,L,79,1.27,1.31,59.9,60.8,11.4,12.7,29.4,37.5,42.4,28.4,
2017,Virginia Tech,W,65,1.39,1.1,58.9,59.8,10.7,15.3,51.4,14.3,12.3,35.3,
2017,Northern Iowa,W,66,1.28,0.63,57.7,39.6,7.5,25.7,34.4,8.8,24.6,16.7,
2017,Duke,L,68,1.15,1.27,55.7,64,7.4,14.8,22.6,23.3,29.5,28.1,
2017,Gonzaga,W,74,0.96,0.88,38.4,40.7,5.4,19,28.9,27.9,35.6,44.1,
2018,UVA,L,59,0.83,1.04,37,52.8,32.3,18.7,48.7,30.3,20.4,17,
2018,NC State,W,79,1.21,1.13,60.6,60.2,24,13.9,46.9,21.2,18.3,29.7,
2018,Lipscomb,W,77,1.09,0.85,59.2,41.4,23.3,16.8,30.3,13.9,30,23.4,
2018,Tennessee,W,72,1.09,1.02,47.8,44,22.4,18.2,47.5,41.9,28.4,25.4,
2018,Michigan State,L,72,0.62,0.87,25.4,49.1,22.1,33.2,28.3,40,39.3,23.6,
2018,Ohio State,W,78,1.1,0.92,57,48.3,21.8,18,29,9.1,43.9,32.2,
2018,Western Carolina,W,79,1.32,0.77,69.2,42.6,21.5,19,41.9,14.9,32.3,8.8,
2018,Duke,L,70,0.91,1.05,42.9,52.4,19.9,19.9,33.3,37.2,7.1,32.3,
2018,Georgia Tech,W,72,1.11,0.92,46.2,52.5,19.4,20.8,50,18.2,36.4,10,
2018,Clemson,W,72,1.21,1.09,65.7,58,19.4,20.8,21.7,25,47.1,37.5,
2018,Virginia Tech,L,68,1.01,1.18,50.8,57.1,19.1,13.2,27.8,28.6,7.9,19.1,
2018,Miami,L,69,1.28,1.32,65.8,63.7,18.9,14.5,39.3,31,35.1,21,
2018,Arkansas,W,76,1.15,0.9,55.6,43.8,18.4,11.9,34.4,20.4,33.3,11.1,
2018,Wofford,L,77,0.98,1.03,42.7,49.2,18.2,13,25,19.4,69.1,28.1,
2018,Duke,W,72,1.03,0.96,44.4,46.3,18.1,25,39.1,36.4,21.1,42.6,
2018,NC State,L,72,1.13,1.18,55.6,54.6,17.4,11.2,41.7,28.3,27.8,23.7,
2018,Tulane,W,76,1.28,0.97,69.8,44.9,17.2,10.6,34.6,20,50,23.2,
2018,Michigan,W,70,1.23,1.02,60.5,50,17.2,14.3,35.7,32.5,25.8,16.7,
2018,Stanford,W,83,1.16,0.87,58.2,49.1,16.9,23,28.6,17.9,20.6,50,
2018,Syracuse,W,66,1.18,0.89,49.1,38.1,16.7,18.2,41.7,37.2,49.1,22.2,
2018,Bucknell,W,78,1.19,1.04,51.5,54.8,16.6,16.6,43.2,18.4,50,28.6,
2018,Clemson,L,68,1.15,1.21,53.2,51.6,16.2,14.8,38.2,35.7,22.6,44.3,
2018,Wake Forest,W,74,0.99,0.93,44.9,48.4,16.2,9.4,31.8,10.3,26.5,25.4,
2018,Portland,W,83,1.23,0.94,56.4,48.6,15.6,16.8,41,22.2,25.6,13.7,
2018,UVA,L,58,1.08,1.22,51,51,15.4,6.9,25.8,20.7,34.7,44,
2018,Davidson,W,71,1.19,1.05,50.7,51.6,15.4,9.8,50,10.3,33.8,15.6,
2018,Pittsburgh,W,73,1.32,0.9,59.3,46.7,15.2,22,48.5,26.2,24.3,25,
2018,Louisville,W,73,1.27,1.04,56.8,50.8,15.1,16.4,44.7,28.9,13.5,35.5,
2018,Syracuse,W,65,1.2,1.14,50.8,50,12.3,15.4,39.5,32.4,23.1,29.3,
2018,Boston College,W,66,1.45,1,55.8,48.4,12.1,7.5,60.5,18.6,11.5,21,
2018,Miami,W,73,1.13,0.9,45.1,41.4,11,11,37,25.5,32.4,18.6,
2018,Notre Dame,W,64,1.09,1.07,47.5,42.4,11,17.3,34.2,45.5,27.9,22.7,
2018,Northern Iowa,W,70,1.24,0.99,54.8,53.6,10.1,20.1,29,20,33.9,27.3,
2018,Florida State,L,73,1.1,1.11,47.4,58.8,9.6,20.6,37,25,11.7,38.6,
2018,Notre Dame,W,64,1.29,1.03,58.3,46.5,9.3,9.3,38.7,25,33.3,39.7,
2018,Texas A&M,L,78,0.84,1.11,37.2,60,7.7,18,17.3,20.6,9,35,
2018,Duke,W,65,1.26,1.2,46.1,55.6,3.1,12.3,42.5,31.4,16.9,19.4,
2019,Gonzaga,W,84,1.23,1.07,64.8,57.1,27.4,16.7,46.7,15.2,39.1,36.5,
2019,NC State,W,85,1.06,0.97,53.1,48,27.1,15.3,37.8,21.3,40.6,23.3,
2019,Washington,W,68,1.19,0.87,57.9,45.8,22,17.6,48.4,19.5,15.9,16.7,
2019,Miami,W,69,1.24,1.11,62.5,57.3,21.9,16,43.3,19.4,23.3,32.7,
2019,Kentucky,L,83,0.87,0.97,48.4,50,21.8,21.8,13.5,30,25.4,33.9,
2019,Wofford,W,70,1.12,0.96,56.8,45.2,21.5,12.9,35.7,26.5,25.4,17.5,
2019,St. Francis PA,W,84,1.2,0.9,60,41.8,21.4,20.2,31.4,27.1,41.5,40.3,
2019,Texas,L,80,1.11,1.15,52.1,61.9,21.3,17.5,39.5,25.7,30,49.1,
2019,Wake Forest,W,74,1.29,0.77,75.4,35.8,20.4,27.1,33.3,37.5,18,19.4,
2019,NC State,W,84,1.34,1.14,62.1,54.7,20.1,13,51.9,34.1,56.1,32.4,
2019,Georgia Tech,W,75,1.02,0.72,58.2,36.7,19.9,21.3,20,15.8,18,21.7,
2019,Louisville,L,71,0.88,1.18,37.1,62,19.8,19.8,30.9,37.9,46.5,48.1,
2019,Auburn,L,75,1.06,1.29,48.5,67.4,18.6,14.6,35,27.8,33.9,25.8,
2019,Davidson,W,77,1.07,0.78,50.9,37.3,18.2,16.9,26.5,16.7,45.8,16.4,
2019,UNC-Wilmington,W,85,1.14,0.81,53.3,41.9,17.6,29.4,42.9,27.9,37.3,33.9,
2019,Clemson,W,75,1.08,1.05,51.6,54.4,17.4,14.7,26.2,15.2,38.1,38.6,
2019,Duke,W,87,1.01,0.82,52,40.3,17.2,22.9,26.3,26.5,18.7,26.4,
2019,Virginia Tech,W,76,1.35,1.07,65.7,54.9,17,21,31.2,28.6,25.4,26.2,
2019,Iona,W,73,1.2,1,51.3,53.6,16.4,16.4,45.5,5.9,20,27.3,
2019,Tennessee Tech,W,82,1.31,0.71,58.8,39.1,15.8,26.7,54.5,20,35.1,20.3,
2019,Notre Dame,W,72,1.04,0.96,46.3,49.2,15.3,15.3,35.6,18.4,29.4,22.9,
2019,Stanford,W,79,1.14,0.91,53.5,45.5,15.2,19,35.1,25.6,29.6,22.4,
2019,Boston College,W,74,1.06,0.89,46.7,42.9,14.8,10.7,41.7,14.9,17.1,14.3,
2019,Pittsburgh,W,76,1.12,0.79,50,32.3,14.4,19.7,36.2,32,23,51.6,
2019,Harvard,W,76,1.01,0.75,46.8,46.3,14.4,28.8,21.6,14.3,35.5,24.1,
2019,Michigan,L,70,0.96,1.21,44.7,67.6,14.4,10.1,30.9,6.2,19.7,42.6,
2019,Louisville,W,70,1.13,0.98,46.4,50,14.3,15.7,41.9,18.4,27.5,14.5,
2019,Florida State,W,70,1.1,0.84,48.4,39,14.2,14.2,33.3,15,41,27.1,
2019,UVA,L,60,1.01,1.14,42.3,65.6,13.2,16.6,40,12,10.8,40,
2019,Duke,W,77,1.03,0.91,48.6,39.7,13.1,15.7,30.4,32,17.6,23.3,
2019,Elon,W,84,1.38,0.8,55.8,41.5,13.1,22.6,53.3,21.7,31,47.5,
2019,Miami ,W,70,1.13,1.09,56.8,57.4,12.8,20.5,16.7,25.7,25.8,10.3,
2019,Syracuse,W,72,1.3,1.19,47.6,60,12.5,13.9,51.4,22.2,59.7,38.3,
2019,Louisville,W,75,1.11,0.94,51.5,49.2,12,14.7,23.7,14.6,32.3,12.1,
2019,Duke,L,73,1.01,1.02,42.5,51.5,11,16.5,35.6,26.3,20.6,20,
2019,UCLA,W,73,1.28,1.06,57,52.5,8.2,17.7,26.5,30,43.8,44.1,
2020,Louisville,L,64,0.86,1.13,45.3,54.2,26.6,18.8,27.3,41.2,15.1,18.3,
2020,Alabama,W,78,0.97,0.86,44.4,46.3,25.6,17.9,50,17.8,29.6,13.2,
2020,Syracuse,L,71,0.75,1.15,35,52.5,25.4,11.3,33.3,26.3,21.7,46.7,
2020,Notre Dame,W,72,1.06,0.91,54.2,41.9,25.1,8.3,37.8,17.8,28.3,20.6,
2020,Pittsburgh,L,64,0.81,1.03,35,44.3,24.8,14,43.8,29.7,35,50.9,
2020,Pittsburgh,L,71,0.92,1.03,45.1,52.9,23.9,18.2,38.9,15.2,27.9,42.3,
2020,UVA,L,63,0.98,1.02,53,52.8,23.7,19,29.6,22.6,28,14.8,
2020,UCLA,W,78,0.95,0.83,47.3,45.8,21.9,28.4,26.8,31.6,63.6,30.5,
2020,Gardner Webb,W,73,1.05,0.83,50.9,41.2,21.9,17.8,40,13.5,43.9,31.6,
2020,Wake Forest,L,68,0.84,1.1,34.1,50.9,20.7,20.7,39.5,32.4,25.4,40.7,
2020,Georgia Tech,L,73,1.14,1.32,47.6,63.9,20.7,17.9,51.4,44.4,42.9,39.3,
2020,Oregon,W,65,1.2,1.14,46.8,44.3,19.9,10.7,52.8,44,33.9,28.6,
2020,NC State,W,76,1.12,1.04,51.6,54.8,19.6,18.3,36.1,21.9,50.8,21,
2020,UVA,L,62,0.76,0.91,38,38.8,19.5,21.1,23.5,31.4,47.8,51,
2020,Duke,L,83,1.03,1.05,54.4,45,19.3,12.9,31.7,26.9,55.1,42.5,
2020,NC State,W,68,1.1,0.96,50.9,45.5,19.1,14.7,41.2,28.2,43.9,10.6,
2020,Notre Dame,L,67,1.14,1.15,48.5,53.2,17.9,9,46.1,25.6,21.2,27,
2020,Wofford,L,66,0.97,1.03,41.3,48.5,16.8,7.6,40.9,19.5,31.8,9.1,
2020,Boston College,L,72,0.97,0.99,39.3,52.7,16.7,20.9,36.4,21.2,50.8,30.4,
2020,Virginia Tech,L,63,0.99,1.01,49.2,47.7,16.6,11.5,16.2,17.8,31.2,32.3,
2020,Miami,W,74,1.27,0.96,65.2,46.5,16.2,13.5,34.5,6.1,8.7,31,
2020,Michigan,L,71,0.91,1.03,44.3,59.8,15.6,22.6,28.2,19.4,32.8,17.9,
2020,Ohio State,L,65,0.75,1.14,33.1,55.4,15.3,23,27.1,40.6,21,26.8,
2020,Gonzaga,L,79,1.03,1.19,50.7,67,15.1,13.9,23.7,3.7,25,37.3,
2020,Syracuse,W,70,1.31,1.13,60.2,49.2,14.3,12.8,40.6,27.8,26.6,30.2,
2020,Elon,W,72,1.04,0.85,44.9,41.3,14,14,47.4,11.6,33.8,14.3,
2020,Clemson,L,67,1,1.04,47,52.2,13.2,14.5,23.1,23.1,30.3,19.4,
2020,Duke,L,71,1.08,1.26,43.7,56.6,12.8,17,41.3,34.5,28.2,62.3,
2020,Florida State,L,71,0.84,0.92,35.3,45.5,12.8,22.7,29.2,28.1,25,30.9,
2020,Virginia Tech,W,63,1.24,0.89,52.7,37.1,12.7,11.1,40.6,25.6,44.6,17.7,
2020,Yale,W,73,0.96,0.92,40.9,44.4,11,13.7,31.2,2.9,23.9,40.7,
2020,UNC-Wilmington,W,78,1,0.8,43.1,38.2,10.3,14.2,30.2,22.4,41.7,15.3,
2020,Wake Forest,W,74,1.26,1.12,59,56,9.5,17.6,22.9,23.3,45.9,37.9,
2021,Stanford,W,71,0.95,0.89,50,44.1,33.9,18.3,46.9,17.6,46.1,47.1,2021
2021,NC Central,W,71,1.03,0.94,48,51.7,25.3,21.1,36.7,18.8,62,13.8,2021
2021,Iowa,L,79,1.01,1.18,52.3,55.9,22.9,14,38.5,30.4,30.8,18.4,2021
2021,UNLV,W,72,1.08,0.71,47.5,35.5,22.2,23.6,47.5,28.6,53.3,24.2,2021
2021,Texas,L,68,0.98,1.01,42.2,49.2,20.5,16.1,45.5,21.1,55.2,23.3,2021
2021,College of Charleston,W,73,1.08,0.82,42.2,46.7,12.3,20.5,39.5,20,33.8,16.7,2021